aa1398,test
aa1421,test
aa3306,test
aa3453,test
aa4050,test
aa4061,test
aa5017,test
aa6011,test
aa6320,test
aa6688,test
aa8928,test
ab1073,test
ab1864,test
ab2279,test
ab3624,test
ab3770,test
ab4445,test
ab5278,test
ab5970,test
ab5986,test
ab6379,test
ab7412,test
ab8098,test
ab8743,test
ac2154,test
ac2899,test
ac4015,test
ac5340,test
ac7518,test
ac7730,test
ac8396,test
ac8728,test
ac9404,test
ac9422,test
ad2082,test
ad2537,test
ad3846,test
ad7108,test
ad8606,test
ad8735,test
ad9098,test
ae2420,test
ae2719,test
ae4724,test
ae4784,test
ae4888,test
ae6208,test
ae7307,test
ae8250,test
ae9054,test
ae9215,test
ae9348,test
ae9893,test
af4891,test
af5285,test
af8184,test
af9014,test
ag1562,test
ag3968,test
ag5019,test
ag6769,test
ag7516,test
ag7836,test
ag8096,test
ag8135,test
ag9075,test
ag9896,test
ag9965,test
ah1283,test
ah2795,test
ah3317,test
ah3399,test
ah4278,test
ah4615,test
ah7119,test
ah7156,test
ah8414,test
ah8453,test
ai2100,test
ai2830,test
ai3387,test
ai3789,test
ai5539,test
ai6113,test
ai6556,test
ai6704,test
ai8638,test
ai8792,test
ai9850,test
aj1316,test
aj1505,test
aj1741,test
aj3957,test
aj4342,test
aj8846,test
aj9115,test
aj9861,test
ak2514,test
ak3972,test
ak6491,test
ak7582,test
al2336,test
al5395,test
al5472,test
al8092,test
al8687,test
al9979,test
am1256,test
am2657,test
am3134,test
am3988,test
am5255,test
am5377,test
am6207,test
am7349,test
am8336,test
an1057,test
an1132,test
an3357,test
an3500,test
an5794,test
an5800,test
an6563,test
an7276,test
an7418,test
an9704,test
ao1403,test
ao1934,test
ao2947,test
ao4018,test
ao4363,test
ao4765,test
ao5941,test
ao7274,test
ao7293,test
ao9587,test
ap3449,test
ap4034,test
ap4781,test
ap4936,test
ap6161,test
ap6480,test
ap7133,test
ap7343,test
ap8366,test
aq1064,test
aq1697,test
aq1798,test
aq2198,test
aq2223,test
aq5127,test
aq5148,test
aq5628,test
aq5957,test
aq7605,test
aq7942,test
aq8565,test
aq8892,test
ar1210,test
ar1414,test
ar1461,test
ar2134,test
ar6970,test
ar7055,test
ar8154,test
ar9723,test
as2426,test
as3477,test
as5535,test
as5672,test
as5926,test
as6939,test
as9927,test
at2369,test
at2722,test
at6043,test
at8226,test
at8655,test
at9848,test
au1383,test
au2827,test
au3365,test
au5139,test
au5711,test
au6272,test
au7499,test
au7525,test
au7715,test
au9912,test
au9989,test
av1467,test
av1594,test
av3930,test
av4237,test
av4340,test
av6008,test
av6393,test
av9649,test
aw2356,test
aw2456,test
aw3999,test
aw5289,test
aw5966,test
aw7935,test
aw7965,test
aw8501,test
ax2157,test
ax3196,test
ax3704,test
ax5323,test
ax6752,test
ax8033,test
ax8965,test
ax9218,test
ay1254,test
ay1968,test
ay3747,test
ay3997,test
ay4627,test
ay6349,test
az2402,test
az2928,test
az3607,test
az3631,test
az4054,test
az4124,test
az5880,test
ba1287,test
ba1789,test
ba2825,test
ba4539,test
ba4621,test
ba5837,test
ba6314,test
ba7204,test
ba8419,test
ba9878,test
bb4425,test
bb4949,test
bb6168,test
bb6535,test
bb7008,test
bb7080,test
bb7748,test
bb8023,test
bb9209,test
bc4332,test
bc7043,test
bc8227,test
bc8369,test
bc8772,test
bd1590,test
bd1860,test
bd2377,test
bd2696,test
bd2844,test
bd4444,test
bd5844,test
bd6332,test
bd9117,test
bd9156,test
bd9521,test
bd9645,test
be5069,test
be5353,test
be5438,test
be8167,test
be8693,test
be9284,test
bf1896,test
bf3691,test
bf5248,test
bf5733,test
bf6608,test
bf7229,test
bf7483,test
bf8212,test
bf9600,test
bg2525,test
bg3571,test
bg4437,test
bg5710,test
bg5821,test
bg6363,test
bg6955,test
bg6982,test
bg8753,test
bh1878,test
bh2610,test
bh2921,test
bh4759,test
bh6846,test
bh7260,test
bh9973,test
bi1092,test
bi1146,test
bi1387,test
bi1646,test
bi3417,test
bi3568,test
bi5282,test
bi6914,test
bi8298,test
bj2492,test
bj2500,test
bj3431,test
bj4373,test
bj5123,test
bj5343,test
bj5426,test
bj8195,test
bj8696,test
bj9605,test
bk2443,test
bk3010,test
bk5946,test
bk7845,test
bk9904,test
bl3227,test
bl3293,test
bl4660,test
bl4772,test
bl4852,test
bl5284,test
bl6614,test
bl7512,test
bm6392,test
bm7175,test
bn1410,test
bn3075,test
bn3529,test
bn4219,test
bn5636,test
bn6785,test
bn8775,test
bn9879,test
bo1199,test
bo3322,test
bo3573,test
bo4849,test
bo4985,test
bo7628,test
bo8642,test
bo9482,test
bp1448,test
bp1941,test
bp3061,test
bp3649,test
bp3929,test
bp7160,test
bp8223,test
bp9767,test
bq1203,test
bq5095,test
bq6820,test
bq9651,test
bq9912,test
bq9936,test
br4527,test
br5630,test
br7003,test
br7754,test
br9153,test
br9463,test
bs2358,test
bs3090,test
bs3337,test
bs4740,test
bs6515,test
bs6784,test
bs7935,test
bs9165,test
bs9886,test
bt2637,test
bt3048,test
bt3897,test
bt5279,test
bt6440,test
bt9480,test
bu1835,test
bu3668,test
bu3901,test
bu4456,test
bu5227,test
bu7356,test
bu7931,test
bu8231,test
bu8396,test
bu8847,test
bu9304,test
bv1086,test
bv1325,test
bv1812,test
bv3068,test
bv5921,test
bv6555,test
bv6994,test
bv7515,test
bv8528,test
bv8573,test
bv8610,test
bw6189,test
bw6740,test
bw7056,test
bw9173,test
bw9400,test
bx1074,test
bx1210,test
bx1766,test
bx3251,test
bx3507,test
bx5593,test
bx6837,test
bx9619,test
by1145,test
by1428,test
by2185,test
by2711,test
by2761,test
by2928,test
by5541,test
by6173,test
by6868,test
by7852,test
by8175,test
bz6023,test
bz6414,test
bz6540,test
bz6633,test
bz7496,test
bz7934,test
bz9210,test
ca1131,test
ca1396,test
ca2184,test
ca3967,test
ca4146,test
ca4493,test
ca5061,test
ca5535,test
ca6025,test
ca6429,test
ca6811,test
ca7347,test
cb2141,test
cb2434,test
cb4737,test
cb6376,test
cb6662,test
cc2607,test
cc4339,test
cc5461,test
cc5472,test
cc6105,test
cc6196,test
cc7153,test
cd1526,test
cd2034,test
cd3005,test
cd6780,test
cd7685,test
cd9183,test
ce2157,test
ce3842,test
ce5181,test
ce5551,test
ce7070,test
ce8186,test
ce9758,test
ce9891,test
cf4481,test
cf5039,test
cf5190,test
cf8078,test
cf9866,test
cg2701,test
cg4311,test
cg4357,test
cg6354,test
cg6478,test
cg6644,test
cg7540,test
cg9282,test
cg9521,test
ch1516,test
ch1729,test
ch3009,test
ch3672,test
ch4186,test
ch4235,test
ch6604,test
ch8847,test
ch9213,test
ci1284,test
ci1654,test
ci3069,test
ci3605,test
ci3731,test
ci3856,test
ci4787,test
ci5999,test
ci8341,test
ci8487,test
ci8783,test
ci9742,test
ci9921,test
ci9948,test
cj1766,test
cj2945,test
cj3368,test
ck1375,test
ck2359,test
ck3183,test
ck4579,test
ck5063,test
ck7280,test
ck7864,test
ck9701,test
cl1246,test
cl6242,test
cl7032,test
cl8229,test
cl8669,test
cl9648,test
cm4377,test
cm7710,test
cn1924,test
cn2494,test
cn3424,test
cn4430,test
cn4941,test
co5192,test
co5613,test
co5657,test
co7253,test
co7385,test
co9029,test
cp1424,test
cp3335,test
cp3769,test
cp4748,test
cp6164,test
cp9061,test
cq3553,test
cq4449,test
cq4955,test
cq5930,test
cq6623,test
cq8939,test
cq9602,test
cq9691,test
cr1165,test
cr3657,test
cr5655,test
cr5851,test
cr7893,test
cr9150,test
cr9730,test
cs2364,test
cs3162,test
cs3362,test
cs4785,test
cs6270,test
cs6755,test
cs7150,test
cs9344,test
cs9755,test
ct1646,test
ct2023,test
ct2433,test
ct3586,test
ct3867,test
ct4904,test
ct5064,test
ct5762,test
ct6798,test
ct7323,test
cu3328,test
cu3820,test
cu5426,test
cu6193,test
cu6288,test
cu6921,test
cu8914,test
cu9665,test
cv2396,test
cv2525,test
cv4270,test
cv4423,test
cv4563,test
cv7906,test
cv9717,test
cw1788,test
cw2479,test
cw3692,test
cw3973,test
cw4014,test
cw4734,test
cw5776,test
cw8052,test
cw8104,test
cw8433,test
cw9623,test
cx3115,test
cx3129,test
cx3778,test
cx4117,test
cx5955,test
cx6756,test
cx8354,test
cx8874,test
cx9139,test
cx9851,test
cx9895,test
cx9970,test
cy2152,test
cy3393,test
cy5243,test
cy5440,test
cy6137,test
cy6323,test
cy6415,test
cy7863,test
cy7883,test
cz1051,test
cz4131,test
cz4168,test
cz4468,test
cz6487,test
cz8504,test
cz8769,test
cz8866,test
cz9289,test
cz9951,test
da1097,test
da2188,test
da4743,test
da6129,test
da7167,test
da7699,test
da7884,test
da8597,test
db1470,test
db2639,test
db3610,test
db4969,test
db9216,test
dc1022,test
dc1213,test
dc1771,test
dc1786,test
dc2782,test
dc6218,test
dc6303,test
dc7746,test
dc7961,test
dd3197,test
dd6717,test
dd7552,test
dd7937,test
dd7948,test
dd8342,test
dd9598,test
dd9762,test
de1279,test
de1981,test
de3800,test
de3995,test
de4214,test
de4912,test
de5934,test
de6229,test
de6282,test
de6469,test
de7693,test
de8242,test
de8829,test
de8878,test
de9105,test
de9358,test
df2278,test
df2374,test
df3697,test
df7698,test
df8520,test
df8995,test
df9064,test
df9517,test
dg1907,test
dg2041,test
dg2169,test
dg2196,test
dg3490,test
dg4516,test
dg5493,test
dg6418,test
dg6906,test
dg6938,test
dg7535,test
dg7898,test
dg8123,test
dg8327,test
dg8971,test
dg9095,test
dg9217,test
dh1654,test
dh2826,test
dh4614,test
dh4705,test
dh6094,test
dh6315,test
dh7997,test
dh8482,test
dh8848,test
dh9484,test
di1430,test
di1674,test
di2118,test
di2431,test
di2588,test
di4077,test
di5647,test
di9122,test
di9865,test
dj1473,test
dj1730,test
dj2127,test
dj3561,test
dj3864,test
dj4221,test
dj4822,test
dj6723,test
dj9421,test
dk1489,test
dk2723,test
dk2912,test
dk3668,test
dk6089,test
dk9920,test
dl1039,test
dl1643,test
dl3906,test
dl4133,test
dl4889,test
dl7140,test
dl7424,test
dl8204,test
dl8465,test
dl9814,test
dl9952,test
dm1152,test
dm2206,test
dm3600,test
dm3905,test
dm7034,test
dm7825,test
dm7933,test
dm8049,test
dm9037,test
dn1026,test
dn1207,test
dn4607,test
dn7275,test
dn7462,test
dn7657,test
dn9251,test
do1436,test
do1460,test
do2931,test
do3590,test
do4135,test
do4738,test
do5232,test
do6172,test
do6620,test
do7145,test
do8372,test
do8753,test
do8910,test
do9988,test
dp1219,test
dp1621,test
dp2514,test
dp3260,test
dp4304,test
dp5241,test
dp6415,test
dp7869,test
dp8257,test
dp9815,test
dq2017,test
dq3616,test
dq3988,test
dq4311,test
dq4679,test
dq6214,test
dq7250,test
dr1901,test
dr2128,test
dr2138,test
dr2193,test
dr2822,test
dr3159,test
dr3790,test
dr4662,test
dr4948,test
dr5208,test
dr7115,test
dr7400,test
dr7415,test
dr8897,test
dr9499,test
ds1079,test
ds2300,test
ds4814,test
ds7882,test
ds8123,test
ds8873,test
dt1736,test
dt1868,test
dt2677,test
dt3327,test
dt4818,test
dt7239,test
du2019,test
du3690,test
du4065,test
du4779,test
du4939,test
du5802,test
du5855,test
du6756,test
du8207,test
du8751,test
du8764,test
du9331,test
dv1221,test
dv1502,test
dv4240,test
dv4274,test
dv5208,test
dv5890,test
dv6633,test
dv7048,test
dv8095,test
dv8329,test
dv8994,test
dv9020,test
dw1118,test
dw1548,test
dw1603,test
dw2195,test
dw3475,test
dw4766,test
dw5458,test
dw6539,test
dw6758,test
dw6940,test
dw9520,test
dw9892,test
dx1379,test
dx1681,test
dx1754,test
dx1759,test
dx2078,test
dx3017,test
dx4294,test
dx4759,test
dx6066,test
dx6830,test
dx7894,test
dx8555,test
dy3774,test
dy5055,test
dy6541,test
dy6874,test
dy7839,test
dy7983,test
dy8891,test
dy9454,test
dz2383,test
dz2642,test
dz3005,test
dz3714,test
dz5618,test
dz6727,test
dz7208,test
dz7764,test
ea1219,test
ea1336,test
ea1438,test
ea3561,test
ea4734,test
ea4745,test
ea5331,test
ea6779,test
ea6892,test
ea7251,test
ea9057,test
eb1391,test
eb2989,test
eb3222,test
eb4621,test
eb4661,test
eb4960,test
eb5502,test
eb5531,test
eb5758,test
eb6414,test
eb6828,test
eb7496,test
eb7814,test
eb7921,test
eb8157,test
eb8228,test
ec1709,test
ec3307,test
ec4039,test
ec4908,test
ec5379,test
ec5741,test
ec7386,test
ec8220,test
ed2466,test
ed5400,test
ed6864,test
ed8010,test
ee1654,test
ee1723,test
ee2282,test
ee4502,test
ee5356,test
ee7521,test
ee7682,test
ee7942,test
ee8740,test
ef1183,test
ef6704,test
ef8251,test
ef8480,test
ef8728,test
ef9432,test
eg2165,test
eg2743,test
eg3237,test
eg4500,test
eg5147,test
eg5230,test
eg6185,test
eg6858,test
eg7205,test
eg8672,test
eg9722,test
eh2946,test
eh4476,test
eh4692,test
eh6242,test
eh9818,test
ei2835,test
ei5768,test
ei9624,test
ei9673,test
ej1482,test
ej1707,test
ej1852,test
ej1997,test
ej2675,test
ej2832,test
ej3215,test
ej3460,test
ej5625,test
ej6091,test
ej6400,test
ej7980,test
ek5391,test
ek7476,test
ek8246,test
ek8357,test
ek9184,test
el1549,test
el3127,test
el4231,test
el5841,test
el5922,test
el6962,test
el7496,test
el8143,test
em2258,test
em3462,test
em4029,test
em5527,test
em8214,test
em8914,test
en1300,test
en2127,test
en2898,test
en3110,test
en4344,test
en4894,test
en5655,test
en5995,test
en6419,test
en7605,test
en8521,test
eo1810,test
eo2108,test
eo2315,test
eo2715,test
eo3166,test
eo4699,test
eo4897,test
eo5211,test
eo5233,test
eo6324,test
eo6876,test
eo7080,test
eo9206,test
eo9560,test
eo9741,test
ep1403,test
ep2108,test
ep2682,test
ep3096,test
ep7388,test
ep7810,test
ep8512,test
ep9380,test
eq1004,test
eq1184,test
eq1567,test
eq1604,test
eq2206,test
eq2922,test
eq4434,test
eq4674,test
eq5269,test
eq5696,test
eq9103,test
eq9282,test
er1004,test
er1080,test
er7606,test
er8174,test
er8264,test
er9058,test
er9437,test
es1605,test
es1863,test
es1953,test
es2797,test
es3036,test
es3661,test
es3690,test
es4336,test
es8266,test
es9353,test
et5985,test
et6417,test
et8046,test
et8220,test
et8360,test
eu1659,test
eu3365,test
eu3645,test
eu4047,test
eu4520,test
eu6408,test
eu6460,test
eu7302,test
eu7527,test
eu8144,test
eu8205,test
eu8432,test
eu9342,test
ev6443,test
ev7191,test
ev7963,test
ev8407,test
ew1573,test
ew1821,test
ew3476,test
ew4467,test
ew4576,test
ew7148,test
ew9106,test
ex1274,test
ex1392,test
ex2200,test
ex2235,test
ex2337,test
ex2389,test
ex2427,test
ex2487,test
ex2550,test
ex3298,test
ex3646,test
ex6231,test
ex6761,test
ex8557,test
ex8668,test
ey1683,test
ey3995,test
ey4916,test
ey6161,test
ey6403,test
ey7372,test
ey7579,test
ey8091,test
ez5464,test
ez5886,test
ez7153,test
ez7161,test
ez7935,test
ez8213,test
ez8997,test
fa1133,test
fa2403,test
fa3468,test
fa4208,test
fa5310,test
fa5748,test
fa5866,test
fa7370,test
fa8502,test
fb1081,test
fb1112,test
fb2520,test
fb3315,test
fb4887,test
fb6271,test
fb7766,test
fb8107,test
fb8282,test
fc4444,test
fc5365,test
fc5766,test
fc5878,test
fc7735,test
fc8309,test
fc9435,test
fd1324,test
fd2000,test
fd3053,test
fd5490,test
fd5540,test
fd9402,test
fe2213,test
fe2504,test
fe3418,test
fe3653,test
fe7238,test
fe7385,test
ff2079,test
ff2310,test
ff4994,test
ff5936,test
ff7799,test
ff9907,test
ff9991,test
fg1234,test
fg1265,test
fg1407,test
fg3231,test
fg3489,test
fg5389,test
fg6147,test
fg6407,test
fg6493,test
fg7159,test
fg7639,test
fg7860,test
fh3302,test
fh3662,test
fh7693,test
fh8105,test
fh9721,test
fi1632,test
fi2148,test
fi2387,test
fi3605,test
fi5131,test
fi7038,test
fi7581,test
fi7958,test
fi9303,test
fi9535,test
fj1184,test
fj3064,test
fj4407,test
fj4531,test
fj6242,test
fj7958,test
fj8172,test
fk1088,test
fk1740,test
fk2165,test
fk2728,test
fk3300,test
fk4419,test
fk4655,test
fk5616,test
fk7168,test
fk7541,test
fk7889,test
fl1713,test
fl2557,test
fl3727,test
fl8435,test
fl9590,test
fl9838,test
fm1855,test
fm3219,test
fm4261,test
fm5145,test
fm5765,test
fm5812,test
fm6041,test
fm6712,test
fm8730,test
fm9013,test
fm9187,test
fn1732,test
fn1753,test
fn1865,test
fn4130,test
fn4564,test
fn5104,test
fn5206,test
fn6185,test
fn6898,test
fn6910,test
fn8531,test
fo1923,test
fo2014,test
fo7761,test
fo8189,test
fo8999,test
fo9245,test
fp1099,test
fp2063,test
fp2875,test
fp3984,test
fp4406,test
fp6083,test
fp6274,test
fp8633,test
fp8639,test
fq1244,test
fq2792,test
fq2842,test
fq3767,test
fq4261,test
fq5075,test
fq6781,test
fq7297,test
fq7526,test
fq7610,test
fq7643,test
fr1991,test
fr3245,test
fr3765,test
fr7090,test
fr7237,test
fr7680,test
fr7758,test
fr7793,test
fr8971,test
fr9863,test
fr9943,test
fs1376,test
fs3105,test
fs4092,test
fs4151,test
fs4180,test
fs4843,test
fs6725,test
fs7033,test
fs7661,test
fs8043,test
fs8214,test
fs8387,test
fs8847,test
fs9625,test
fs9959,test
ft1961,test
ft5405,test
ft5674,test
ft6231,test
ft7822,test
ft7983,test
fu1739,test
fu3050,test
fu3516,test
fu4117,test
fu5247,test
fu5491,test
fu6074,test
fu7276,test
fv2570,test
fv4539,test
fv4957,test
fv5091,test
fv5217,test
fv6992,test
fv7546,test
fv7854,test
fv9001,test
fv9275,test
fv9934,test
fw3241,test
fw3456,test
fw4373,test
fw5126,test
fw5148,test
fw5903,test
fw6102,test
fw7283,test
fw7427,test
fw8195,test
fw8724,test
fw9937,test
fx1869,test
fx3276,test
fx4279,test
fx5438,test
fx7233,test
fx7575,test
fx9329,test
fy3176,test
fy4708,test
fy4877,test
fy5533,test
fy5713,test
fy6195,test
fy6241,test
fy7423,test
fz1072,test
fz2047,test
fz4900,test
fz6861,test
fz7442,test
fz7518,test
fz8661,test
ga2011,test
ga2435,test
ga2896,test
ga4340,test
ga4507,test
ga4923,test
ga5162,test
ga5969,test
ga6224,test
ga7302,test
gb1250,test
gb3189,test
gb5114,test
gb6007,test
gb6075,test
gb7363,test
gb7650,test
gb8126,test
gb8297,test
gb9028,test
gb9104,test
gc2041,test
gc4491,test
gc7476,test
gc7484,test
gc7987,test
gc8770,test
gc8882,test
gc8990,test
gd1379,test
gd1407,test
gd3120,test
gd3215,test
gd4906,test
gd6186,test
gd7428,test
gd7448,test
gd8579,test
gd8582,test
gd8746,test
gd9675,test
gd9738,test
ge1313,test
ge4109,test
ge4207,test
ge4706,test
ge5962,test
ge6082,test
ge6382,test
ge7146,test
ge9243,test
ge9544,test
gf1081,test
gf2488,test
gf4256,test
gf5035,test
gf7395,test
gf7777,test
gf8403,test
gf8585,test
gf8889,test
gf9026,test
gf9616,test
gf9968,test
gg1469,test
gg2252,test
gg2753,test
gg3638,test
gg4402,test
gg5790,test
gg6073,test
gg6521,test
gg6876,test
gg7682,test
gg9422,test
gh1426,test
gh4845,test
gh5296,test
gh5552,test
gh7738,test
gh8275,test
gh8871,test
gh9138,test
gh9882,test
gh9982,test
gi2551,test
gi3492,test
gi4460,test
gi4925,test
gi4946,test
gi6072,test
gi7022,test
gi8500,test
gj5369,test
gj7780,test
gk3542,test
gk3940,test
gk6188,test
gk6592,test
gk8162,test
gk9525,test
gk9648,test
gl2708,test
gl3752,test
gl6530,test
gl7078,test
gl7406,test
gl9277,test
gm2977,test
gm3839,test
gm6363,test
gm6696,test
gm8134,test
gm8886,test
gn3788,test
gn8591,test
gn9037,test
go1196,test
go1344,test
go1785,test
go2587,test
go2644,test
go2670,test
go2791,test
go2826,test
go2853,test
go3612,test
go7344,test
go8014,test
go8111,test
go8553,test
gp1494,test
gp5318,test
gp8032,test
gp9431,test
gp9815,test
gq2290,test
gq3431,test
gq3862,test
gq4079,test
gq4486,test
gq5344,test
gq6489,test
gq8803,test
gr1898,test
gr2064,test
gr2301,test
gr4103,test
gr4741,test
gr4905,test
gr5675,test
gr6074,test
gr6877,test
gr7336,test
gr9197,test
gs1424,test
gs1675,test
gs2961,test
gs3640,test
gs4594,test
gs5151,test
gs6885,test
gs8003,test
gs8633,test
gs8922,test
gt1214,test
gt1340,test
gt1345,test
gt1721,test
gt1962,test
gt2362,test
gt4467,test
gt4639,test
gt4788,test
gt5569,test
gt5733,test
gt6767,test
gt7686,test
gt7770,test
gt8391,test
gu1339,test
gu2264,test
gu5632,test
gu5752,test
gu6321,test
gu6667,test
gu7710,test
gu8101,test
gu8594,test
gu8791,test
gv2172,test
gv2196,test
gv2444,test
gv3416,test
gv3952,test
gv4046,test
gv4785,test
gv5243,test
gv6891,test
gv7248,test
gv8730,test
gw6282,test
gw6401,test
gw6892,test
gw9719,test
gx1735,test
gx1937,test
gx4018,test
gx4107,test
gx5992,test
gx6287,test
gx7198,test
gx8540,test
gx9020,test
gy2233,test
gy4076,test
gy8016,test
gy8254,test
gy9453,test
gy9847,test
gz1873,test
gz2202,test
gz2288,test
gz5456,test
gz5847,test
gz6993,test
gz7391,test
gz7633,test
gz8990,test
gz9861,test
gz9967,test
ha1642,test
ha3590,test
ha6305,test
ha7622,test
ha7802,test
ha8897,test
hb1738,test
hb2374,test
hb2999,test
hb3280,test
hb3302,test
hb3469,test
hb3834,test
hb4252,test
hb6079,test
hb7588,test
hb8658,test
hb9684,test
hc3072,test
hc5278,test
hc6380,test
hc6773,test
hc6834,test
hc7391,test
hc7444,test
hc7688,test
hc9647,test
hd1779,test
hd1796,test
hd3167,test
hd3554,test
hd5748,test
hd5960,test
hd6398,test
hd6477,test
hd6577,test
hd7613,test
hd8678,test
hd9572,test
hd9821,test
he1139,test
he2370,test
he2507,test
he3266,test
he4708,test
he6384,test
he6576,test
he6990,test
he7170,test
he8255,test
hf1516,test
hf2257,test
hf2481,test
hf3253,test
hf3475,test
hf3729,test
hf3981,test
hf4987,test
hf5131,test
hf5438,test
hf5600,test
hf5802,test
hf7337,test
hf7698,test
hf8534,test
hf9723,test
hf9863,test
hg1583,test
hg2153,test
hg3001,test
hg4387,test
hg6388,test
hg7268,test
hg7552,test
hh1670,test
hh1851,test
hh4007,test
hh4200,test
hh4357,test
hh6894,test
hh7119,test
hh7780,test
hh7842,test
hh8608,test
hh8711,test
hh9405,test
hh9826,test
hi2869,test
hi3565,test
hi4017,test
hi5309,test
hi6883,test
hi7761,test
hi8678,test
hj1528,test
hj3064,test
hj5183,test
hj5257,test
hj6303,test
hj7021,test
hk2211,test
hk3580,test
hk4279,test
hk6292,test
hk6473,test
hk7489,test
hk8812,test
hl1327,test
hl1896,test
hl1942,test
hl2561,test
hl3442,test
hl3491,test
hl5052,test
hl5482,test
hl6026,test
hl6136,test
hl6155,test
hl7391,test
hl7635,test
hl8357,test
hl8476,test
hl8921,test
hl9630,test
hl9934,test
hm1286,test
hm2092,test
hm3755,test
hm5532,test
hm5765,test
hm6230,test
hm7998,test
hm8761,test
hn1005,test
hn1297,test
hn1787,test
hn2877,test
hn3697,test
hn3850,test
hn4172,test
hn4502,test
hn4640,test
hn5082,test
hn6117,test
hn7639,test
hn7768,test
hn8861,test
hn9267,test
ho1784,test
ho2065,test
ho4623,test
ho4849,test
ho5036,test
ho8503,test
ho9324,test
hp1213,test
hp1942,test
hp2464,test
hp2996,test
hp3986,test
hp4732,test
hp5161,test
hp6952,test
hp7284,test
hp7955,test
hp7982,test
hq2527,test
hq2711,test
hq2735,test
hq3547,test
hq5926,test
hq6884,test
hq8496,test
hq9594,test
hr2406,test
hr3968,test
hr4348,test
hr4634,test
hr4695,test
hr7380,test
hr7749,test
hr8766,test
hr8769,test
hs1417,test
hs1952,test
hs3801,test
hs5018,test
hs5059,test
hs5742,test
hs8218,test
hs9953,test
ht1391,test
ht2509,test
ht2614,test
ht3504,test
ht4014,test
ht4692,test
ht6617,test
ht7762,test
ht8021,test
ht8211,test
ht8664,test
ht9207,test
ht9442,test
ht9622,test
hu2669,test
hu3604,test
hu3701,test
hu4488,test
hu4869,test
hu5633,test
hu6051,test
hu6198,test
hu6850,test
hu7586,test
hu7725,test
hv1621,test
hv1956,test
hv3371,test
hv7461,test
hv7835,test
hv8917,test
hw1774,test
hw4459,test
hw5243,test
hw5721,test
hw6665,test
hw7096,test
hw7210,test
hw7238,test
hw7618,test
hw8061,test
hw9672,test
hx1442,test
hx2924,test
hx3969,test
hx5133,test
hx5309,test
hx6661,test
hx6925,test
hx9246,test
hy1657,test
hy1710,test
hy2219,test
hy2617,test
hy3129,test
hy3596,test
hy3883,test
hy4949,test
hy5815,test
hy6016,test
hy7929,test
hy8128,test
hy8632,test
hz1719,test
hz2690,test
hz3377,test
hz3631,test
hz4164,test
hz4864,test
hz4992,test
hz6203,test
hz7817,test
hz8304,test
ia1725,test
ia2181,test
ia3371,test
ia3404,test
ia3451,test
ia5281,test
ia5699,test
ia6241,test
ia6759,test
ia6902,test
ia7324,test
ia8482,test
ia9444,test
ib1267,test
ib1350,test
ib4841,test
ib5899,test
ib6571,test
ib6845,test
ib7316,test
ib8425,test
ic1612,test
ic1866,test
ic2398,test
ic2662,test
ic3260,test
ic5225,test
ic5242,test
ic5761,test
ic7043,test
ic7053,test
ic8019,test
ic9353,test
ic9845,test
id2515,test
id5717,test
ie1024,test
ie2419,test
ie3005,test
ie4912,test
ie5981,test
ie6751,test
ie7334,test
ie8261,test
if1175,test
if3643,test
if6599,test
if8468,test
ig2410,test
ig2523,test
ig3396,test
ig3442,test
ig5724,test
ig6470,test
ig8791,test
ig9560,test
ih1147,test
ih1913,test
ih2489,test
ih3183,test
ih4562,test
ih7654,test
ih9037,test
ii1578,test
ii3346,test
ii4019,test
ii4555,test
ii4801,test
ii6119,test
ii6536,test
ii6706,test
ii9249,test
ij1447,test
ij2027,test
ij2134,test
ij4898,test
ij5625,test
ij6345,test
ij9758,test
ik1346,test
ik1748,test
ik2340,test
ik3414,test
ik3632,test
ik4905,test
ik5534,test
ik7012,test
ik7292,test
ik8764,test
il1005,test
il4636,test
il4807,test
il5694,test
il7185,test
il7531,test
il8698,test
il9300,test
il9571,test
il9843,test
im1517,test
im2123,test
im2308,test
im6010,test
im6311,test
im7582,test
im8433,test
im8603,test
in1151,test
in3073,test
in4107,test
in4200,test
in5967,test
in6615,test
in9048,test
in9237,test
io1116,test
io3158,test
io4172,test
io4735,test
io7562,test
io8161,test
io9343,test
ip1705,test
ip1987,test
ip2791,test
ip3655,test
ip5241,test
ip5884,test
ip7495,test
ip7554,test
ip8955,test
iq2055,test
iq3235,test
iq4266,test
iq4855,test
iq7521,test
iq8124,test
iq9159,test
ir2452,test
ir2949,test
ir7830,test
ir8550,test
ir9594,test
ir9782,test
is1392,test
is1645,test
is4003,test
is4050,test
is5469,test
is8823,test
it1036,test
it4519,test
it4702,test
it4943,test
it5671,test
it7788,test
it7992,test
it8646,test
it9951,test
iu1413,test
iu3522,test
iu4521,test
iu5326,test
iu7170,test
iu8220,test
iu8670,test
iv1103,test
iv1860,test
iv4399,test
iv6240,test
iv6921,test
iv8363,test
iv8442,test
iv9482,test
iv9814,test
iw2500,test
iw2678,test
iw2804,test
iw3641,test
iw3750,test
iw5048,test
iw6460,test
iw6818,test
iw8828,test
iw8931,test
ix1806,test
ix2989,test
ix3379,test
ix3652,test
ix5591,test
ix6013,test
ix6265,test
ix7295,test
ix7424,test
ix7757,test
ix9340,test
ix9757,test
iy1555,test
iy2447,test
iy3648,test
iy4044,test
iy4278,test
iy4336,test
iy4603,test
iy5044,test
iy6258,test
iy7079,test
iy7774,test
iy9272,test
iz1459,test
iz1550,test
iz1667,test
iz1693,test
iz2549,test
iz2640,test
iz5852,test
iz6136,test
iz6447,test
iz6624,test
iz6813,test
iz8675,test
ja2012,test
ja2107,test
ja2345,test
ja2643,test
ja2805,test
ja2827,test
ja3696,test
ja4090,test
ja4229,test
ja4364,test
ja4667,test
ja5745,test
ja5916,test
ja5946,test
ja6908,test
ja7550,test
ja8934,test
ja9082,test
ja9512,test
jb1591,test
jb1635,test
jb2259,test
jb2633,test
jb4547,test
jb6934,test
jb7998,test
jb8031,test
jb9473,test
jb9670,test
jb9708,test
jc1496,test
jc2254,test
jc3462,test
jc5154,test
jc5336,test
jc6215,test
jc6482,test
jc8286,test
jd1457,test
jd1543,test
jd2675,test
jd3290,test
jd6988,test
jd7852,test
jd7975,test
jd8955,test
je3750,test
je3810,test
je5461,test
je7026,test
je7251,test
je7567,test
je7945,test
je8385,test
je9261,test
je9313,test
je9616,test
je9773,test
jf1376,test
jf1998,test
jf2913,test
jf7825,test
jf8807,test
jg2717,test
jg4860,test
jg5347,test
jg7723,test
jg7791,test
jg7843,test
jh2344,test
jh2593,test
jh3332,test
jh3745,test
jh4527,test
jh4687,test
jh5225,test
jh5650,test
jh6145,test
jh7123,test
jh7466,test
jh9321,test
ji2136,test
ji2961,test
ji3684,test
ji5090,test
ji7980,test
ji8521,test
jj2155,test
jj2813,test
jj3678,test
jj5330,test
jj5340,test
jj6257,test
jk2760,test
jk3369,test
jk4428,test
jk4645,test
jk6393,test
jk7223,test
jk8250,test
jk8504,test
jl2076,test
jl6061,test
jl7768,test
jl7924,test
jm1473,test
jm2510,test
jm3748,test
jm6734,test
jm7767,test
jm9228,test
jm9721,test
jn1695,test
jn1748,test
jn4695,test
jn5990,test
jn7548,test
jn8805,test
jn9728,test
jn9995,test
jo3755,test
jo5833,test
jo7557,test
jo8103,test
jo9199,test
jp1887,test
jp2130,test
jp3889,test
jp5653,test
jp6769,test
jp6823,test
jp6846,test
jp7599,test
jq1250,test
jq2246,test
jq2775,test
jq3955,test
jq5015,test
jq6318,test
jq6932,test
jq6961,test
jq7589,test
jq8039,test
jq8072,test
jq8437,test
jq9743,test
jr1141,test
jr1798,test
jr2437,test
jr2971,test
jr5577,test
jr7106,test
jr7663,test
js1671,test
js2574,test
js6940,test
js7590,test
js8588,test
jt1792,test
jt3354,test
jt3645,test
jt3951,test
jt5684,test
jt6404,test
jt7259,test
jt7661,test
jt7708,test
jt8462,test
jt9274,test
jt9334,test
ju1213,test
ju1368,test
ju1499,test
ju2751,test
ju3728,test
ju3824,test
ju4638,test
ju5093,test
ju8508,test
ju8522,test
ju9702,test
jv1114,test
jv2478,test
jv4555,test
jv4820,test
jv5908,test
jv6038,test
jv7273,test
jv7370,test
jv7439,test
jv7762,test
jv8757,test
jv9297,test
jw2126,test
jw3418,test
jw4125,test
jw4267,test
jw4562,test
jw4848,test
jw7569,test
jw8682,test
jw9009,test
jx1570,test
jx2760,test
jx4185,test
jx5954,test
jx6179,test
jx8548,test
jy1149,test
jy2237,test
jy2800,test
jy3569,test
jy4336,test
jy4638,test
jy8039,test
jz1611,test
jz1665,test
jz1816,test
jz3101,test
jz3189,test
jz5493,test
jz6421,test
jz7247,test
jz7308,test
jz7754,test
jz9007,test
jz9332,test
jz9841,test
ka1742,test
ka3310,test
ka3330,test
ka3486,test
ka3868,test
ka4784,test
ka5051,test
ka6109,test
ka6548,test
ka8548,test
ka8923,test
kb1152,test
kb3208,test
kb3212,test
kb5432,test
kb6232,test
kb6275,test
kb6442,test
kb6936,test
kb7808,test
kb8047,test
kb8536,test
kc3535,test
kc4616,test
kc5403,test
kc5576,test
kc7379,test
kc7680,test
kd2227,test
kd4269,test
kd6742,test
kd9266,test
kd9901,test
ke1137,test
ke1335,test
ke4100,test
ke4470,test
ke4642,test
ke6183,test
ke6682,test
ke7415,test
ke8599,test
ke9486,test
kf2274,test
kf3728,test
kf5104,test
kf6489,test
kf7746,test
kf9069,test
kg2394,test
kg5125,test
kg5194,test
kg5748,test
kg5939,test
kg8643,test
kg9257,test
kg9694,test
kh1372,test
kh2854,test
kh3585,test
kh4223,test
kh6484,test
kh6907,test
kh7072,test
kh8561,test
kh8843,test
ki2736,test
ki3490,test
ki4140,test
ki4580,test
ki4815,test
ki5813,test
ki6148,test
ki6154,test
ki7182,test
ki9900,test
kj2130,test
kj2526,test
kj5325,test
kj5423,test
kj8486,test
kj8503,test
kk1051,test
kk1936,test
kk4962,test
kk4998,test
kk5835,test
kl2501,test
kl5799,test
kl6930,test
kl9024,test
kl9888,test
km1348,test
km1643,test
km5132,test
km5435,test
km5710,test
km5805,test
km8652,test
km9640,test
kn1029,test
kn1579,test
kn2401,test
kn3014,test
kn6169,test
kn6442,test
kn6658,test
kn6737,test
kn6758,test
kn7557,test
ko1064,test
ko1894,test
ko3290,test
ko3394,test
ko3476,test
ko4941,test
ko5898,test
ko5900,test
ko6046,test
ko7265,test
ko8007,test
ko8411,test
ko8525,test
ko8956,test
ko9336,test
ko9719,test
ko9735,test
ko9895,test
kp1118,test
kp3074,test
kp3784,test
kp5695,test
kp6911,test
kp8775,test
kp9304,test
kq2018,test
kq3428,test
kq4392,test
kq5004,test
kq5058,test
kq7810,test
kq8560,test
kq9658,test
kr1170,test
kr1174,test
kr1526,test
kr1902,test
kr1978,test
kr2626,test
kr2704,test
kr4883,test
kr7675,test
kr8646,test
kr9740,test
ks1472,test
ks1628,test
ks2544,test
ks2710,test
ks2946,test
ks3325,test
ks5630,test
ks5991,test
ks8980,test
kt1214,test
kt1586,test
kt2069,test
kt3422,test
kt5234,test
kt5969,test
kt6509,test
kt8037,test
kt9507,test
ku3022,test
ku3779,test
ku4231,test
ku4875,test
ku5790,test
ku7482,test
ku9135,test
ku9352,test
ku9355,test
kv3098,test
kv4382,test
kv7345,test
kv7908,test
kv8174,test
kv8443,test
kv8629,test
kw5886,test
kw7269,test
kw8262,test
kw9104,test
kw9167,test
kx1252,test
kx1423,test
kx2775,test
kx3221,test
kx5526,test
kx7337,test
kx7428,test
kx7477,test
kx8426,test
kx9093,test
ky2257,test
ky2806,test
ky3383,test
ky6409,test
ky7044,test
ky7980,test
ky8629,test
ky9532,test
ky9547,test
kz1134,test
kz2312,test
kz3504,test
kz6720,test
kz7562,test
kz7885,test
la1349,test
la1403,test
la2544,test
la2672,test
la3317,test
la3548,test
la4829,test
la6029,test
la9405,test
lb2385,test
lb2846,test
lb4171,test
lb4482,test
lb4621,test
lb4718,test
lb6075,test
lb6878,test
lb7212,test
lb7277,test
lb7954,test
lb8165,test
lb8223,test
lc1381,test
lc2523,test
lc5445,test
lc5728,test
lc5803,test
lc6921,test
lc8448,test
ld1640,test
ld1662,test
ld1781,test
ld2661,test
ld3372,test
ld4413,test
ld5560,test
ld6114,test
ld7798,test
ld8833,test
le1917,test
le2490,test
le6963,test
le9101,test
lf1059,test
lf1154,test
lf3256,test
lf3649,test
lf5177,test
lf7817,test
lg1748,test
lg3952,test
lg3987,test
lg6631,test
lg7769,test
lg8056,test
lg8605,test
lg9560,test
lh2997,test
lh6469,test
lh7362,test
lh8801,test
lh8964,test
lh9398,test
li1053,test
li1302,test
li1590,test
li1615,test
li2100,test
li2403,test
li2777,test
li3776,test
li6193,test
li7523,test
li8452,test
li9096,test
lj1292,test
lj1474,test
lj1769,test
lj2009,test
lj2567,test
lj4362,test
lj5285,test
lj5756,test
lj6362,test
lj7078,test
lj9020,test
lk1631,test
lk1965,test
lk2688,test
lk3440,test
lk4632,test
lk4651,test
lk6741,test
lk6862,test
lk7282,test
lk8584,test
lk9034,test
ll1480,test
ll2436,test
ll3813,test
ll4691,test
ll4741,test
ll5190,test
ll6106,test
ll6672,test
ll6979,test
ll7731,test
ll7881,test
ll7888,test
ll8309,test
ll8804,test
lm3690,test
lm5169,test
lm6868,test
lm7350,test
lm9938,test
ln1009,test
ln1365,test
ln2225,test
ln2334,test
ln2565,test
ln2905,test
ln3837,test
ln4935,test
ln6380,test
ln6676,test
ln7794,test
ln9196,test
ln9221,test
ln9858,test
lo1418,test
lo1657,test
lo2988,test
lo6341,test
lo7000,test
lo7602,test
lo8143,test
lo8620,test
lo9153,test
lo9235,test
lo9731,test
lo9959,test
lp1120,test
lp2382,test
lp2535,test
lp3786,test
lp4995,test
lp5588,test
lp5860,test
lp6767,test
lp8525,test
lp8674,test
lp9596,test
lq3609,test
lq6370,test
lq6921,test
lq9891,test
lq9984,test
lr3036,test
lr7664,test
lr7919,test
lr9059,test
lr9465,test
lr9514,test
ls2462,test
ls4664,test
ls5668,test
ls6084,test
ls6101,test
ls6508,test
lt1208,test
lt3923,test
lt7002,test
lt7062,test
lt8082,test
lt8447,test
lt8596,test
lt9346,test
lu1202,test
lu3584,test
lu4178,test
lu5988,test
lu8638,test
lv2694,test
lv3933,test
lv4931,test
lv5929,test
lv7023,test
lv8707,test
lw4048,test
lw4928,test
lw6505,test
lw6763,test
lw7769,test
lw8995,test
lx1428,test
lx1459,test
lx1633,test
lx2528,test
lx2944,test
lx3727,test
lx4389,test
lx6524,test
lx7543,test
lx7715,test
lx8467,test
lx8734,test
lx8996,test
lx9758,test
ly1133,test
ly3227,test
ly4139,test
ly4329,test
ly5065,test
ly5701,test
ly6742,test
ly6839,test
ly6873,test
ly7180,test
ly7529,test
ly8304,test
ly8884,test
lz1184,test
lz1741,test
lz3107,test
lz5812,test
ma1695,test
ma2349,test
ma2356,test
ma2928,test
ma4100,test
ma6308,test
ma7667,test
ma8665,test
ma9300,test
ma9397,test
mb1291,test
mb1748,test
mb4051,test
mb4189,test
mb4615,test
mb5410,test
mb8015,test
mb9797,test
mc1365,test
mc1767,test
mc4257,test
mc4443,test
mc4593,test
mc5415,test
mc7200,test
mc8270,test
mc8277,test
mc8563,test
mc8711,test
mc9445,test
md2205,test
md3486,test
md5360,test
md6510,test
md6555,test
md7511,test
md8274,test
md8594,test
me1966,test
me3270,test
me6298,test
me6459,test
me9931,test
mf1606,test
mf2427,test
mf3943,test
mf4087,test
mf5290,test
mf5555,test
mf6349,test
mf6794,test
mf7592,test
mg1496,test
mg4734,test
mg5265,test
mg6766,test
mg7453,test
mg8476,test
mg8613,test
mg8994,test
mg9721,test
mh4336,test
mh4914,test
mh4979,test
mh8208,test
mh8404,test
mh9032,test
mh9266,test
mh9386,test
mi1939,test
mi2756,test
mi2993,test
mi4355,test
mi4476,test
mi5129,test
mi5507,test
mi6207,test
mi6399,test
mi6887,test
mi7857,test
mi9571,test
mi9705,test
mj6254,test
mj6540,test
mj8087,test
mj8789,test
mj9279,test
mj9809,test
mk1591,test
mk3300,test
mk3320,test
mk9113,test
mk9182,test
mk9311,test
ml1857,test
ml1905,test
ml2496,test
ml2717,test
ml3432,test
ml3938,test
ml5073,test
ml8341,test
ml9399,test
mm2315,test
mm3305,test
mm3398,test
mm3683,test
mm5055,test
mm6316,test
mm6365,test
mm6475,test
mm7117,test
mm7620,test
mn3281,test
mn3311,test
mn3537,test
mn4022,test
mn4497,test
mn4839,test
mn4868,test
mn5321,test
mn5995,test
mn8161,test
mn8933,test
mn9979,test
mo1079,test
mo3214,test
mo4953,test
mo5742,test
mo6849,test
mo6987,test
mo7161,test
mo8092,test
mo8556,test
mo8794,test
mo9800,test
mp1501,test
mp1746,test
mp2436,test
mp2468,test
mp3316,test
mp6104,test
mp6630,test
mp6966,test
mp7012,test
mp9017,test
mq2389,test
mq2467,test
mq3879,test
mq4507,test
mq4709,test
mq4852,test
mq4925,test
mq9416,test
mq9504,test
mr4132,test
mr4717,test
mr5889,test
mr7431,test
mr8386,test
ms2260,test
ms2418,test
ms3563,test
ms4413,test
ms9786,test
mt2932,test
mt4258,test
mt5376,test
mt6687,test
mt7273,test
mt7902,test
mu2381,test
mu3834,test
mu4100,test
mu5653,test
mu6626,test
mu6799,test
mu7745,test
mu8341,test
mu9897,test
mv2486,test
mv2573,test
mv2940,test
mv5658,test
mv7972,test
mv8006,test
mv8008,test
mv8830,test
mv8895,test
mw1963,test
mw2450,test
mw4494,test
mw5078,test
mw5509,test
mw6282,test
mw7211,test
mw8600,test
mw9640,test
mw9819,test
mw9994,test
mx1394,test
mx1970,test
mx2656,test
mx3321,test
mx4267,test
mx4391,test
mx5906,test
mx6416,test
mx6563,test
mx7222,test
mx8016,test
mx8099,test
mx8233,test
mx8811,test
mx8866,test
mx9591,test
mx9923,test
my1251,test
my1286,test
my1964,test
my2697,test
my3101,test
my3996,test
my5865,test
my6598,test
my6790,test
my7605,test
my8056,test
my8531,test
my8681,test
my8859,test
my9530,test
my9893,test
my9955,test
mz1958,test
mz5514,test
mz6605,test
mz7193,test
mz7334,test
mz8619,test
na1023,test
na2134,test
na2367,test
na3662,test
na8500,test
na8873,test
nb1205,test
nb2601,test
nb4906,test
nb5300,test
nb5878,test
nb6068,test
nb8663,test
nc1550,test
nc1758,test
nc2822,test
nc3562,test
nc3805,test
nc3933,test
nc4698,test
nc7351,test
nc7694,test
nd2879,test
nd3059,test
nd3973,test
nd4639,test
nd5342,test
nd8250,test
nd8721,test
ne2241,test
ne3020,test
ne3541,test
ne3576,test
ne4300,test
ne6180,test
ne6189,test
ne6385,test
ne7253,test
ne9837,test
nf6918,test
nf7002,test
ng1703,test
ng2059,test
ng2696,test
ng2778,test
ng3825,test
ng4073,test
ng4298,test
ng4480,test
ng6051,test
ng6839,test
ng6840,test
ng6893,test
ng7188,test
ng9760,test
nh3526,test
nh3618,test
nh3683,test
nh3817,test
nh3899,test
nh5040,test
nh5399,test
nh5437,test
nh5897,test
nh8128,test
nh9484,test
nh9997,test
ni1191,test
ni2015,test
ni2182,test
ni2397,test
ni3053,test
ni4581,test
ni5038,test
ni6617,test
ni6760,test
ni6997,test
ni7822,test
ni7837,test
nj2896,test
nj4583,test
nj5246,test
nj6263,test
nj6745,test
nj6822,test
nj8448,test
nj8802,test
nj9408,test
nj9871,test
nj9887,test
nk1361,test
nk1822,test
nk1831,test
nk5147,test
nk6351,test
nk6588,test
nk7362,test
nk7735,test
nl1169,test
nl2051,test
nl2702,test
nl4861,test
nl5573,test
nl5686,test
nl5808,test
nl7213,test
nl7855,test
nl8329,test
nl8542,test
nl9309,test
nm1052,test
nm1073,test
nm4819,test
nm5086,test
nm5540,test
nm7215,test
nm7615,test
nm8364,test
nm8448,test
nm9420,test
nn1041,test
nn1497,test
nn3204,test
nn3474,test
nn3504,test
nn4578,test
nn5126,test
nn6136,test
nn6368,test
nn7106,test
nn9309,test
nn9756,test
no1022,test
no1326,test
no1751,test
no2078,test
no2216,test
no3451,test
no3461,test
no4085,test
no4517,test
no4766,test
no6232,test
no9034,test
np1215,test
np1568,test
np2247,test
np2974,test
np3133,test
np5745,test
np6765,test
np7901,test
np9478,test
nq1618,test
nq1793,test
nq3448,test
nq3806,test
nq3831,test
nq3841,test
nq4059,test
nq9692,test
nr1213,test
nr1620,test
nr2194,test
nr2583,test
nr2679,test
nr2734,test
nr3095,test
nr5134,test
nr5374,test
nr6679,test
ns2562,test
ns3147,test
ns3287,test
ns3721,test
ns3945,test
ns4814,test
ns5120,test
ns7606,test
ns7836,test
ns8681,test
ns8996,test
ns9325,test
nt1238,test
nt2154,test
nt5539,test
nt6215,test
nt6271,test
nt6954,test
nt7961,test
nt8249,test
nu2310,test
nu2434,test
nu2454,test
nu2874,test
nu4550,test
nu6699,test
nu6924,test
nu7231,test
nu8094,test
nv1274,test
nv3670,test
nv4642,test
nv5983,test
nv7274,test
nv7566,test
nv8960,test
nv9389,test
nv9549,test
nw1992,test
nw5692,test
nw6019,test
nw6696,test
nw7960,test
nw8680,test
nw8973,test
nw9125,test
nw9427,test
nx4118,test
nx4352,test
nx6799,test
nx8593,test
nx8597,test
nx9715,test
ny1764,test
ny2066,test
ny6140,test
ny6937,test
ny8807,test
ny9266,test
nz1094,test
nz5208,test
nz6457,test
nz7351,test
nz8154,test
nz9516,test
oa3723,test
oa3987,test
oa4880,test
oa5090,test
oa5352,test
oa7283,test
oa8893,test
ob1502,test
ob3051,test
ob4401,test
ob5069,test
ob5526,test
ob5597,test
ob7242,test
ob9148,test
ob9532,test
ob9594,test
oc1039,test
oc1149,test
oc1989,test
oc2993,test
oc3927,test
oc4398,test
oc7152,test
oc7954,test
oc8572,test
od1763,test
od3412,test
od4003,test
od4356,test
od4511,test
od4815,test
od5874,test
od6622,test
od7000,test
od7358,test
od8549,test
od9049,test
oe1622,test
oe1915,test
oe2905,test
oe3818,test
oe6598,test
oe8568,test
oe9910,test
of2563,test
of3593,test
of4376,test
of4662,test
of4762,test
of5058,test
of6038,test
of6231,test
of8299,test
of8407,test
og1171,test
og2076,test
og2787,test
og4111,test
og4293,test
og4442,test
og5034,test
og6075,test
og6709,test
og6910,test
og7009,test
og7177,test
og7382,test
oh2697,test
oh2944,test
oh3378,test
oh4024,test
oh4962,test
oh5148,test
oh5207,test
oh6267,test
oh6818,test
oh7913,test
oh8033,test
oh8050,test
oh8537,test
oh9626,test
oi1172,test
oi1678,test
oi1857,test
oi2252,test
oi2432,test
oi2718,test
oi3694,test
oi5568,test
oi6981,test
oi7351,test
oi7501,test
oi9984,test
oj1107,test
oj2404,test
oj3886,test
oj7757,test
oj8575,test
oj8968,test
oj9910,test
ok1328,test
ok1892,test
ok3585,test
ok3593,test
ok3638,test
ok4309,test
ok5745,test
ok7907,test
ok8971,test
ok9379,test
ol1546,test
ol6189,test
ol6866,test
ol8294,test
ol9195,test
om1023,test
om1540,test
om2505,test
om4284,test
on1096,test
on2116,test
on3750,test
on4191,test
on4649,test
on5180,test
on6882,test
on9508,test
oo4459,test
oo5985,test
oo8692,test
op1543,test
op2327,test
op2415,test
op2845,test
op4325,test
op5465,test
op5528,test
op5616,test
op6075,test
op6189,test
op6351,test
oq1017,test
oq1921,test
oq3364,test
oq3686,test
oq4158,test
oq5421,test
oq8084,test
oq9218,test
oq9227,test
oq9835,test
or1725,test
or2582,test
or2653,test
or2733,test
or2767,test
or2791,test
or3534,test
or6037,test
or6153,test
or8313,test
or8447,test
or8972,test
or9923,test
os3644,test
os3662,test
os4915,test
os4929,test
os6254,test
os6333,test
os6905,test
os7025,test
os8182,test
os8872,test
ot1243,test
ot5501,test
ot7129,test
ot7201,test
ot8499,test
ot9502,test
ou1741,test
ou2717,test
ou5353,test
ou6999,test
ou7293,test
ou8521,test
ov2326,test
ov2650,test
ov7257,test
ov8009,test
ov8268,test
ow1583,test
ow1607,test
ow1631,test
ow4558,test
ow5388,test
ow5629,test
ow6142,test
ow6170,test
ow6754,test
ow7746,test
ow8872,test
ow8893,test
ox4354,test
ox4803,test
ox6015,test
ox7211,test
oy3141,test
oy3691,test
oy4199,test
oy4318,test
oy4715,test
oy6034,test
oy6362,test
oy7047,test
oy7772,test
oy9259,test
oy9401,test
oz2149,test
oz3729,test
oz3786,test
oz3959,test
oz4037,test
oz4612,test
oz4873,test
oz5712,test
oz6464,test
oz6501,test
oz7129,test
oz7625,test
oz8383,test
oz8894,test
oz8966,test
pa1337,test
pa2138,test
pa2270,test
pa4641,test
pa5556,test
pa7222,test
pa8468,test
pb1149,test
pb2022,test
pb2154,test
pb2624,test
pb3173,test
pb3905,test
pb5292,test
pb6221,test
pb6746,test
pb6754,test
pb6866,test
pb6890,test
pb7184,test
pb7698,test
pb8830,test
pc3420,test
pc3455,test
pc3915,test
pc4854,test
pc5558,test
pc6228,test
pc6875,test
pc8183,test
pd3598,test
pd3862,test
pd3924,test
pd5045,test
pd6025,test
pd7662,test
pd7908,test
pd9493,test
pe1404,test
pe4816,test
pe5039,test
pe5210,test
pe5354,test
pe6011,test
pe7159,test
pe7354,test
pf1419,test
pf1778,test
pf2836,test
pf3620,test
pf4656,test
pf5470,test
pf5845,test
pf6761,test
pf7235,test
pf7576,test
pf9237,test
pg1435,test
pg1485,test
pg1540,test
pg1732,test
pg2152,test
pg2550,test
pg4208,test
pg5386,test
pg6612,test
pg7816,test
pg8307,test
ph1231,test
ph7039,test
ph7066,test
ph7180,test
ph8309,test
pi1512,test
pi2688,test
pi3856,test
pi4922,test
pi5644,test
pi6182,test
pi6692,test
pi6730,test
pi7607,test
pi9617,test
pj1182,test
pj3925,test
pj3960,test
pj4035,test
pj4102,test
pj4831,test
pj6235,test
pj6653,test
pj9072,test
pk1521,test
pk3208,test
pk3595,test
pk4446,test
pk5376,test
pk7238,test
pk8747,test
pk9794,test
pl3863,test
pl4512,test
pl5527,test
pl7841,test
pl8702,test
pl8748,test
pl9401,test
pl9483,test
pm2783,test
pm3489,test
pm3638,test
pm4198,test
pm4408,test
pm4916,test
pm6857,test
pm8710,test
pm9612,test
pn2343,test
pn2693,test
pn3204,test
pn4043,test
pn4324,test
pn5254,test
pn7750,test
pn8858,test
pn9281,test
po1392,test
po2084,test
po5507,test
po6249,test
po6278,test
po6893,test
po7221,test
po7250,test
po7580,test
po9201,test
po9689,test
pp1706,test
pp2409,test
pp2977,test
pp5477,test
pp6361,test
pp6918,test
pp6921,test
pq5179,test
pq5663,test
pq6727,test
pq7527,test
pq9857,test
pr1222,test
pr2417,test
pr2858,test
pr3390,test
pr3905,test
pr3948,test
pr4211,test
pr5286,test
pr6404,test
pr6726,test
pr7478,test
pr9035,test
pr9789,test
ps2723,test
ps2774,test
ps5944,test
ps6089,test
ps6916,test
ps8708,test
pt1421,test
pt2479,test
pt4936,test
pt4972,test
pt7011,test
pt9566,test
pu2049,test
pu2847,test
pu3004,test
pu3113,test
pu3263,test
pu4897,test
pu6539,test
pu7945,test
pv1039,test
pv4790,test
pv6784,test
pv7038,test
pv7922,test
pv9535,test
pv9872,test
pw3104,test
pw4253,test
pw4311,test
pw5971,test
pw6650,test
pw7010,test
pw9483,test
pw9700,test
pw9891,test
pw9982,test
px2690,test
px3215,test
px3806,test
px6683,test
px9957,test
py3114,test
py4136,test
py5251,test
py5391,test
py5494,test
py5614,test
py6813,test
py9059,test
pz2081,test
pz2401,test
pz2502,test
pz3591,test
pz4978,test
pz6152,test
pz6524,test
pz7179,test
pz7348,test
pz8449,test
pz8591,test
pz9768,test
qa1251,test
qa1553,test
qa2223,test
qa4046,test
qa6726,test
qa7817,test
qa7840,test
qa7857,test
qa8602,test
qa9599,test
qb1735,test
qb1942,test
qb2083,test
qb3228,test
qb3404,test
qb3987,test
qb4182,test
qb4451,test
qb4988,test
qb6873,test
qb6928,test
qb8096,test
qb9788,test
qc3523,test
qc3652,test
qc3939,test
qc7381,test
qc7768,test
qd1717,test
qd2682,test
qd3573,test
qd4151,test
qd5326,test
qd6650,test
qd6694,test
qd7248,test
qd7684,test
qe2420,test
qe2790,test
qe3702,test
qe4299,test
qe6051,test
qe7011,test
qe7572,test
qe7739,test
qe7963,test
qe9292,test
qf1345,test
qf3257,test
qf6238,test
qf7537,test
qf9057,test
qf9153,test
qf9340,test
qg2045,test
qg2343,test
qg3174,test
qg3442,test
qg5715,test
qg6231,test
qg7167,test
qg8222,test
qg8835,test
qg8844,test
qg9013,test
qg9075,test
qg9090,test
qh6233,test
qh7468,test
qh8852,test
qi2865,test
qi3274,test
qi4734,test
qi5981,test
qi7376,test
qi7855,test
qi8172,test
qi9033,test
qj2728,test
qj3998,test
qj4236,test
qj4551,test
qj4698,test
qj4923,test
qj5325,test
qj5623,test
qj5803,test
qj7488,test
qj7592,test
qj8148,test
qj8945,test
qj9988,test
qk1075,test
qk1083,test
qk3074,test
qk3517,test
qk3682,test
qk4138,test
qk4260,test
qk5451,test
qk5648,test
qk5771,test
qk6348,test
qk6358,test
qk6855,test
qk8202,test
qk9089,test
qk9443,test
qk9886,test
ql3357,test
ql4096,test
ql5348,test
ql5517,test
ql5716,test
ql7447,test
ql7504,test
ql8787,test
ql8879,test
ql8939,test
qm1973,test
qm3298,test
qm4075,test
qm4432,test
qm5932,test
qm6124,test
qm6300,test
qm6886,test
qm7914,test
qm8015,test
qm8321,test
qm8437,test
qm8980,test
qm9167,test
qn2869,test
qn3053,test
qn3060,test
qn3661,test
qn4538,test
qn4961,test
qn5550,test
qn7434,test
qn8537,test
qo1602,test
qo1679,test
qo1858,test
qo4714,test
qo4946,test
qo6459,test
qo6785,test
qo7366,test
qo7750,test
qo9605,test
qo9957,test
qp1027,test
qp1358,test
qp1539,test
qp2215,test
qp3233,test
qp4421,test
qp5341,test
qp5777,test
qp5787,test
qp7933,test
qp8550,test
qp8596,test
qp9369,test
qp9645,test
qq2195,test
qq3450,test
qq4050,test
qq4217,test
qq5664,test
qq5926,test
qq7024,test
qq7300,test
qq8494,test
qq8760,test
qq8917,test
qq9934,test
qr1078,test
qr3343,test
qr3479,test
qr4422,test
qr4585,test
qr5481,test
qr6539,test
qr7368,test
qr8186,test
qr9865,test
qr9904,test
qs1033,test
qs1161,test
qs1666,test
qs2477,test
qs2762,test
qs2985,test
qs3039,test
qs4334,test
qt1293,test
qt4867,test
qt5383,test
qt5496,test
qt6067,test
qt6436,test
qt7284,test
qt7550,test
qt7566,test
qt7603,test
qt9027,test
qu1112,test
qu1719,test
qu1798,test
qu2637,test
qu3185,test
qu3765,test
qu3804,test
qu4878,test
qu5287,test
qu5948,test
qu7623,test
qu9418,test
qv1813,test
qv2695,test
qv2879,test
qv4530,test
qv6080,test
qv7427,test
qv8605,test
qv8644,test
qv8924,test
qv9435,test
qw1517,test
qw1564,test
qw3925,test
qw5405,test
qw6123,test
qw6625,test
qw6799,test
qw6882,test
qx1494,test
qx2771,test
qx2897,test
qx5194,test
qx6245,test
qx9090,test
qy1254,test
qy2246,test
qy2750,test
qy3278,test
qy3614,test
qy3971,test
qy4160,test
qy4962,test
qy5841,test
qy5880,test
qy7995,test
qy8976,test
qy9468,test
qy9817,test
qz1259,test
qz4698,test
qz6329,test
qz8059,test
ra1301,test
ra3057,test
ra3251,test
ra6212,test
ra7707,test
rb2283,test
rb3325,test
rb4510,test
rb8128,test
rb8231,test
rb8575,test
rb8881,test
rb9812,test
rb9980,test
rc1633,test
rc2047,test
rc3345,test
rc5245,test
rc6964,test
rc7181,test
rc8404,test
rc8505,test
rc9091,test
rc9523,test
rd1891,test
rd2670,test
rd3334,test
rd3949,test
rd4403,test
rd4429,test
rd4460,test
rd5259,test
rd5861,test
rd7485,test
rd8114,test
rd8527,test
rd8745,test
rd9456,test
re1897,test
re3886,test
re5078,test
re6805,test
re7412,test
re7869,test
rf3152,test
rf3354,test
rf4063,test
rf4986,test
rf5151,test
rf5247,test
rf6826,test
rf7660,test
rf9475,test
rg1201,test
rg3067,test
rg3974,test
rg4427,test
rg5305,test
rg6714,test
rg9023,test
rg9030,test
rh2826,test
rh3105,test
rh3319,test
rh4083,test
rh5744,test
rh9713,test
ri3638,test
ri4134,test
ri5135,test
ri5311,test
ri5397,test
ri8833,test
ri9203,test
ri9387,test
rj1998,test
rj3086,test
rj5351,test
rj5987,test
rj6240,test
rj6597,test
rj7987,test
rj8724,test
rj8774,test
rj9822,test
rk1837,test
rk1903,test
rk2358,test
rk3482,test
rk3722,test
rk4725,test
rk5292,test
rk6635,test
rk8197,test
rk8403,test
rk8918,test
rk9210,test
rk9567,test
rl1753,test
rl3957,test
rl4742,test
rl4879,test
rl5627,test
rl5974,test
rl7793,test
rl7837,test
rl9037,test
rl9574,test
rm1162,test
rm1182,test
rm2121,test
rm3292,test
rm4665,test
rm4691,test
rm5208,test
rm6786,test
rm7071,test
rm9825,test
rn4935,test
rn5428,test
rn5978,test
rn8955,test
rn8962,test
rn9619,test
rn9710,test
rn9774,test
ro1169,test
ro2855,test
ro3208,test
ro3386,test
ro3951,test
ro4726,test
ro5023,test
ro5097,test
ro6018,test
ro6158,test
ro7217,test
ro7539,test
ro8761,test
ro8852,test
ro9371,test
ro9385,test
ro9861,test
rp4097,test
rp5765,test
rp6359,test
rp6582,test
rp7209,test
rp7452,test
rp8069,test
rp8565,test
rq2436,test
rq5458,test
rq5552,test
rq6288,test
rq6594,test
rq7423,test
rq7532,test
rq8352,test
rq8877,test
rr4013,test
rr6914,test
rr7581,test
rr8355,test
rr9524,test
rs1067,test
rs5851,test
rs7844,test
rt1849,test
rt2989,test
rt5097,test
rt5204,test
rt5755,test
rt5843,test
rt7064,test
rt7126,test
rt7529,test
rt8202,test
rt8320,test
rt8502,test
ru1802,test
ru3746,test
ru4019,test
ru6138,test
ru6717,test
ru7021,test
ru7745,test
ru7952,test
ru8442,test
ru9292,test
ru9307,test
rv2453,test
rv4835,test
rv7276,test
rv7615,test
rv7671,test
rv8120,test
rw1880,test
rw3227,test
rw3528,test
rw3586,test
rw3956,test
rw5815,test
rw5818,test
rw6465,test
rw6582,test
rw7092,test
rw8654,test
rw8760,test
rx1642,test
rx2368,test
rx3225,test
rx3291,test
rx3549,test
rx3758,test
rx4244,test
rx6742,test
rx8606,test
rx8717,test
rx8777,test
ry2266,test
ry2456,test
ry2511,test
ry3263,test
ry3871,test
ry5084,test
ry7955,test
ry8953,test
ry9797,test
rz3183,test
rz3458,test
rz5581,test
rz5610,test
rz6235,test
rz6356,test
rz7656,test
rz8293,test
sa2013,test
sa2711,test
sa3352,test
sa5847,test
sa6011,test
sa7288,test
sa7799,test
sb2548,test
sb2781,test
sb3068,test
sb3322,test
sb6243,test
sb6308,test
sb6438,test
sb7618,test
sb9158,test
sc1675,test
sc2166,test
sc2560,test
sc4028,test
sc4521,test
sc5459,test
sc5790,test
sc6665,test
sc9873,test
sc9959,test
sd1285,test
sd3316,test
sd3466,test
sd3815,test
sd5647,test
sd5742,test
sd6346,test
sd7401,test
sd9455,test
sd9702,test
se1432,test
se1517,test
se4062,test
se7062,test
se9157,test
se9496,test
se9919,test
sf1379,test
sf3377,test
sf4184,test
sf5086,test
sf6753,test
sg1070,test
sg1081,test
sg4411,test
sg7369,test
sg9905,test
sh2846,test
sh3316,test
sh3833,test
sh4267,test
sh5998,test
sh6966,test
sh7769,test
si2999,test
si4086,test
si5811,test
sj1446,test
sj2654,test
sj3056,test
sj5545,test
sj6113,test
sj6291,test
sj6342,test
sj6378,test
sj6470,test
sj7585,test
sj8013,test
sj8210,test
sk7851,test
sk7904,test
sk8348,test
sk9040,test
sl1370,test
sl2716,test
sl2995,test
sl5115,test
sl5649,test
sl5682,test
sl5688,test
sl5986,test
sl6991,test
sl7270,test
sl8144,test
sl8318,test
sl9385,test
sl9438,test
sm1297,test
sm1638,test
sm2468,test
sm2856,test
sm5074,test
sm7855,test
sm8467,test
sm8708,test
sn3390,test
sn4239,test
sn4390,test
sn4615,test
sn6113,test
sn6362,test
sn9051,test
so1485,test
so1576,test
so3171,test
so3563,test
so4312,test
so4366,test
so4502,test
so7010,test
so7334,test
so7338,test
so7953,test
sp1138,test
sp2523,test
sp2595,test
sp4048,test
sp4405,test
sp7693,test
sp8395,test
sq1013,test
sq1387,test
sq3118,test
sq3983,test
sq4119,test
sq5509,test
sq5811,test
sq6115,test
sq6251,test
sq6538,test
sq6852,test
sq8485,test
sq9269,test
sr1326,test
sr1829,test
sr3400,test
sr5555,test
sr6280,test
sr6468,test
sr6831,test
sr7209,test
sr7953,test
sr8486,test
sr8910,test
ss1669,test
ss2470,test
ss2574,test
ss2983,test
ss3850,test
ss3911,test
ss4664,test
ss5099,test
ss6212,test
ss7278,test
ss7608,test
ss8762,test
st2532,test
st4944,test
st6587,test
st8020,test
st8290,test
st8298,test
su1842,test
su3022,test
su3152,test
su3395,test
su4026,test
su5023,test
su5258,test
su7065,test
su7342,test
sv2248,test
sv3484,test
sv4239,test
sv5688,test
sv8241,test
sv8929,test
sv9510,test
sw2107,test
sw2652,test
sw2850,test
sw3339,test
sw3607,test
sw3894,test
sw4126,test
sw4751,test
sw5097,test
sw5875,test
sw7178,test
sw8881,test
sw9711,test
sx2620,test
sx2997,test
sx3355,test
sx4183,test
sx6224,test
sx6392,test
sx6394,test
sx6954,test
sx8140,test
sx8827,test
sx9320,test
sy4075,test
sy5607,test
sy6030,test
sy7138,test
sy8982,test
sy9058,test
sz3074,test
sz3565,test
sz4256,test
sz4290,test
sz5341,test
sz5545,test
sz5806,test
sz6459,test
sz7248,test
sz9870,test
ta4347,test
ta4507,test
ta5506,test
ta6044,test
ta6101,test
ta6792,test
ta6864,test
ta8435,test
ta9107,test
ta9335,test
tb5194,test
tb5435,test
tb5864,test
tb8181,test
tb8479,test
tb9141,test
tc1121,test
tc2399,test
tc2678,test
tc4847,test
tc5452,test
tc5863,test
tc6429,test
tc7353,test
tc7908,test
td2211,test
td2329,test
td3046,test
td3112,test
td3911,test
td4059,test
td4816,test
td5083,test
td6793,test
td9224,test
td9644,test
te2323,test
te3331,test
te4816,test
te5218,test
te5407,test
te6696,test
te6802,test
te7432,test
te7803,test
te8936,test
te9297,test
tf1171,test
tf1217,test
tf2378,test
tf3906,test
tf3940,test
tf4280,test
tf8918,test
tf9673,test
tf9768,test
tg1380,test
tg1891,test
tg1908,test
tg4501,test
tg6217,test
tg6765,test
tg7229,test
tg8711,test
tg9548,test
tg9745,test
th4030,test
th4152,test
th4628,test
th6476,test
th6510,test
th6674,test
ti2331,test
ti2373,test
ti3314,test
ti3397,test
ti3907,test
ti5415,test
ti5868,test
ti6810,test
ti6829,test
ti7884,test
ti9293,test
ti9459,test
tj2260,test
tj2506,test
tj2751,test
tj5388,test
tj5405,test
tj6078,test
tj7245,test
tj7801,test
tj7814,test
tj8334,test
tj8986,test
tk1366,test
tk1765,test
tk2268,test
tk2873,test
tk4090,test
tk4198,test
tk4291,test
tl1348,test
tl1638,test
tl2447,test
tl2968,test
tl3686,test
tl6871,test
tl7453,test
tl8285,test
tm1854,test
tm2259,test
tm3926,test
tm4174,test
tm7099,test
tm7217,test
tm7965,test
tm8410,test
tm9421,test
tm9921,test
tn2658,test
tn3326,test
tn5462,test
tn5587,test
tn7277,test
to1497,test
to1983,test
to2420,test
to4220,test
to6608,test
to6861,test
to9186,test
to9741,test
tp1958,test
tp3322,test
tp3359,test
tp8015,test
tp8493,test
tp8636,test
tp9235,test
tq1956,test
tq2533,test
tq4666,test
tq5199,test
tq5796,test
tq7292,test
tq7576,test
tq8050,test
tq8650,test
tq9944,test
tr2651,test
tr2990,test
tr4272,test
tr4385,test
tr5569,test
tr6119,test
tr6260,test
tr7879,test
tr7948,test
tr9554,test
tr9566,test
ts3550,test
ts4133,test
ts4438,test
ts4994,test
ts5442,test
ts5998,test
ts6377,test
ts6902,test
ts8855,test
tt2095,test
tt3005,test
tt3882,test
tt4702,test
tt5362,test
tt5596,test
tt7819,test
tt9587,test
tu3916,test
tu5008,test
tu5719,test
tu6753,test
tu8391,test
tu8709,test
tu8887,test
tv1284,test
tv2396,test
tv2657,test
tv2779,test
tv3332,test
tv5734,test
tv7046,test
tv8562,test
tv9160,test
tw2328,test
tw2907,test
tw3141,test
tw7067,test
tw7246,test
tw8010,test
tw8722,test
tx3423,test
tx6003,test
tx6712,test
tx7454,test
tx7498,test
tx7872,test
tx8780,test
tx9357,test
tx9903,test
ty2491,test
ty2587,test
ty5338,test
ty6334,test
ty6576,test
ty7034,test
ty8275,test
ty9221,test
tz2527,test
tz2701,test
tz2902,test
tz2936,test
tz3281,test
tz7444,test
tz8919,test
tz9268,test
tz9553,test
tz9940,test
tz9984,test
ua2845,test
ua3640,test
ua6042,test
ua6681,test
ua9439,test
ua9534,test
ua9684,test
ub3876,test
ub4558,test
ub4916,test
ub5090,test
ub6031,test
ub7068,test
ub7391,test
ub9177,test
uc3715,test
uc4109,test
uc4514,test
uc4977,test
uc5562,test
uc5871,test
uc5940,test
uc7255,test
uc7631,test
uc9532,test
uc9828,test
ud1339,test
ud5705,test
ud7894,test
ud7991,test
ud8430,test
ud9853,test
ud9982,test
ue1083,test
ue1335,test
ue2215,test
ue2358,test
ue2677,test
ue2794,test
ue3559,test
ue3728,test
ue4635,test
ue5004,test
ue5104,test
ue8300,test
ue8302,test
ue9422,test
uf2166,test
uf3684,test
uf3789,test
uf5303,test
uf5559,test
uf6519,test
uf8947,test
uf9166,test
ug1492,test
ug5546,test
ug5654,test
ug7012,test
ug7250,test
ug7993,test
ug8506,test
ug9239,test
uh1106,test
uh3381,test
uh3988,test
uh7032,test
uh8485,test
uh9129,test
uh9183,test
ui1800,test
ui2170,test
ui2645,test
ui3276,test
ui3504,test
ui4076,test
ui4958,test
ui5090,test
ui7596,test
ui7634,test
ui9096,test
uj1212,test
uj1645,test
uj1839,test
uj2297,test
uj2304,test
uj6059,test
uj6695,test
uj7771,test
uj8946,test
uk1137,test
uk1962,test
uk2992,test
uk3736,test
uk6255,test
uk6731,test
uk7044,test
uk7401,test
uk8023,test
uk8092,test
ul1395,test
ul1541,test
ul2061,test
ul2267,test
ul3547,test
ul5252,test
ul6502,test
ul6597,test
ul6615,test
ul7470,test
ul7581,test
ul8262,test
ul9836,test
ul9844,test
um1636,test
um3575,test
um5458,test
um5747,test
um8805,test
un1327,test
un2129,test
un2463,test
un3084,test
un6033,test
un6153,test
un6178,test
un6480,test
un6658,test
un7301,test
un7535,test
uo1931,test
uo2072,test
uo6283,test
uo6952,test
uo7177,test
uo7796,test
uo8572,test
up1392,test
up1571,test
up2118,test
up3030,test
up3123,test
up4666,test
up5201,test
up5782,test
up9652,test
up9913,test
uq1794,test
uq2133,test
uq2798,test
uq3040,test
uq3249,test
uq6975,test
uq7248,test
uq7303,test
uq7652,test
uq7745,test
uq7764,test
uq7835,test
uq8561,test
uq9270,test
ur1239,test
ur1634,test
ur2162,test
ur3274,test
ur4111,test
ur4170,test
ur4367,test
ur5554,test
ur6408,test
ur7328,test
ur9602,test
ur9708,test
us3217,test
us3760,test
us6011,test
us6120,test
us6991,test
us7478,test
us8703,test
us8733,test
us9129,test
us9623,test
ut2693,test
ut5075,test
ut5100,test
ut5115,test
ut7478,test
ut7797,test
ut7876,test
ut7899,test
ut8204,test
ut8576,test
ut8949,test
ut9358,test
ut9622,test
ut9704,test
ut9706,test
uu1719,test
uu2282,test
uu3405,test
uu5337,test
uu6199,test
uu7787,test
uu8526,test
uu9273,test
uu9419,test
uv1038,test
uv4048,test
uv4858,test
uv6948,test
uv7472,test
uv9114,test
uv9285,test
uv9362,test
uv9390,test
uv9873,test
uw1060,test
uw1114,test
uw1320,test
uw2247,test
uw4403,test
uw4546,test
uw5229,test
uw5410,test
uw5845,test
uw8488,test
uw8582,test
ux2195,test
ux3234,test
ux3807,test
ux3852,test
ux5447,test
ux5589,test
ux7362,test
ux8827,test
uy1468,test
uy1510,test
uy1715,test
uy3945,test
uy4222,test
uy4413,test
uy5543,test
uy5734,test
uy7040,test
uy8252,test
uz2484,test
uz7424,test
uz8284,test
uz8561,test
uz9861,test
va1978,test
va2592,test
va3824,test
va4281,test
va4744,test
va5438,test
va6193,test
va6739,test
va8220,test
va8236,test
va8371,test
va8750,test
va9299,test
va9618,test
vb1333,test
vb1372,test
vb1567,test
vb2143,test
vb3274,test
vb3367,test
vb3939,test
vb5935,test
vb6862,test
vb7602,test
vb8188,test
vb8268,test
vb8387,test
vb8674,test
vb8692,test
vb8722,test
vc1154,test
vc2482,test
vc2730,test
vc3487,test
vc5110,test
vc5308,test
vc6344,test
vc6515,test
vc6612,test
vc7993,test
vc8151,test
vd1669,test
vd2408,test
vd3685,test
vd4681,test
vd5476,test
vd7203,test
vd7724,test
vd7755,test
vd8936,test
vd9879,test
ve1686,test
ve2797,test
ve3301,test
ve3598,test
ve5155,test
ve6763,test
ve6835,test
ve7559,test
vf2322,test
vf2443,test
vf2987,test
vf3637,test
vf4014,test
vf4349,test
vf6740,test
vf7434,test
vf9053,test
vf9106,test
vf9205,test
vf9988,test
vg1876,test
vg4794,test
vg4824,test
vg5145,test
vg5274,test
vg6237,test
vg6454,test
vg7193,test
vg7397,test
vg7584,test
vg8082,test
vg8161,test
vg8527,test
vg8805,test
vh1715,test
vh1978,test
vh2585,test
vh7414,test
vh7903,test
vh9180,test
vi1063,test
vi1747,test
vi3742,test
vi4605,test
vi4754,test
vi5155,test
vi6169,test
vi6213,test
vi6746,test
vi9592,test
vj1710,test
vj1973,test
vj4163,test
vj4198,test
vj4752,test
vj4914,test
vj5959,test
vj7211,test
vj8406,test
vk1076,test
vk4673,test
vk4728,test
vk5196,test
vk7152,test
vk7803,test
vk8592,test
vk9068,test
vk9343,test
vk9357,test
vl1039,test
vl2962,test
vl4015,test
vl4187,test
vl4220,test
vl4695,test
vl4755,test
vl5055,test
vl5290,test
vl5803,test
vl6137,test
vl6749,test
vl7655,test
vl8134,test
vl9796,test
vl9944,test
vm3091,test
vm3273,test
vm6101,test
vm7394,test
vm7957,test
vm7990,test
vm8557,test
vm8767,test
vm9244,test
vm9314,test
vn1017,test
vn2220,test
vn3184,test
vn4352,test
vn4420,test
vn4633,test
vn5020,test
vn5162,test
vn5550,test
vn6386,test
vn7303,test
vn9390,test
vn9649,test
vo2834,test
vo3742,test
vo5457,test
vo6525,test
vo6951,test
vo7478,test
vo7634,test
vo7938,test
vo9872,test
vp1421,test
vp1557,test
vp4571,test
vp4790,test
vp6296,test
vp7310,test
vp7536,test
vp9036,test
vp9588,test
vq1168,test
vq1666,test
vq2643,test
vq3430,test
vq3673,test
vq4173,test
vq4821,test
vq4858,test
vq5643,test
vq5847,test
vq5937,test
vq6171,test
vq6709,test
vr2343,test
vr3114,test
vr4096,test
vr6928,test
vr8252,test
vr8770,test
vr9181,test
vr9533,test
vs1529,test
vs4339,test
vs5941,test
vs6020,test
vs6454,test
vs6659,test
vs6854,test
vs7338,test
vs7548,test
vs7628,test
vs8428,test
vs9160,test
vt1033,test
vt1358,test
vt1580,test
vt2212,test
vt5629,test
vt6406,test
vt6964,test
vt7113,test
vt7441,test
vu1426,test
vu1886,test
vu3066,test
vu4067,test
vu4550,test
vu6288,test
vu8776,test
vu8797,test
vu9946,test
vv1145,test
vv1205,test
vv1320,test
vv1667,test
vv2300,test
vv2748,test
vv4610,test
vv5033,test
vv6474,test
vv7249,test
vv8105,test
vv8134,test
vv9549,test
vv9643,test
vw2610,test
vw2922,test
vw3493,test
vw4538,test
vw6221,test
vw6240,test
vw7752,test
vw8373,test
vw9560,test
vx2442,test
vx3018,test
vx3394,test
vx3603,test
vx4186,test
vx4515,test
vx4541,test
vx6085,test
vx6115,test
vx9083,test
vx9235,test
vx9306,test
vy2968,test
vy3749,test
vy4492,test
vy5727,test
vy6085,test
vy6430,test
vy8089,test
vy9321,test
vy9570,test
vy9695,test
vy9968,test
vz2018,test
vz2877,test
vz3190,test
vz3426,test
vz3763,test
vz4596,test
vz5469,test
vz5488,test
vz5872,test
vz6002,test
vz6637,test
vz7771,test
vz9700,test
wa2159,test
wa2267,test
wa2452,test
wa2547,test
wa3109,test
wa3907,test
wa4477,test
wa5352,test
wa8898,test
wa9291,test
wa9863,test
wb2966,test
wb2971,test
wb3229,test
wb3657,test
wb7178,test
wb7251,test
wb7558,test
wb8360,test
wb8757,test
wc1416,test
wc3779,test
wc4416,test
wc4537,test
wc6568,test
wc6709,test
wc7583,test
wc9445,test
wc9704,test
wd2702,test
wd3099,test
wd4222,test
wd6828,test
wd8001,test
wd8067,test
wd8642,test
we2316,test
we2759,test
we4719,test
we5355,test
we5544,test
we5611,test
we6755,test
we6764,test
we7181,test
we7856,test
we8933,test
we9546,test
we9600,test
wf1213,test
wf1635,test
wf2095,test
wf2128,test
wf3348,test
wf3575,test
wf3756,test
wf6247,test
wf7987,test
wf8244,test
wf8435,test
wf8561,test
wf9909,test
wg1946,test
wg2304,test
wg2878,test
wg3285,test
wg4102,test
wg4815,test
wg4934,test
wg4979,test
wg5204,test
wg5768,test
wg7788,test
wh1661,test
wh2447,test
wh2661,test
wh2740,test
wh3089,test
wh3495,test
wh5023,test
wh5067,test
wh5406,test
wh6980,test
wh7867,test
wh8485,test
wi1418,test
wi3942,test
wi4162,test
wi4441,test
wi5413,test
wi8064,test
wj1767,test
wj4055,test
wj4975,test
wj5197,test
wj6358,test
wj6655,test
wj7629,test
wj8448,test
wk1989,test
wk3255,test
wk3570,test
wk4310,test
wk4733,test
wk5000,test
wk5944,test
wk6785,test
wk7403,test
wk7840,test
wk8504,test
wk9452,test
wl2166,test
wl3912,test
wl4461,test
wl4533,test
wl6391,test
wm1003,test
wm2154,test
wm4051,test
wm4241,test
wm4444,test
wm8954,test
wn3079,test
wn6023,test
wn6789,test
wn7030,test
wn7819,test
wn7928,test
wn7978,test
wo1786,test
wo2937,test
wo3229,test
wo5141,test
wo6642,test
wo8067,test
wo9404,test
wp1002,test
wp2758,test
wp3433,test
wp4327,test
wp5359,test
wp5371,test
wp6642,test
wp6672,test
wp7049,test
wp7350,test
wp7421,test
wp8364,test
wp8734,test
wp9839,test
wq3480,test
wq3947,test
wq5154,test
wq7151,test
wq8484,test
wq9301,test
wr3068,test
wr4835,test
wr6823,test
wr6901,test
wr7077,test
wr9590,test
ws1612,test
ws2720,test
ws5184,test
ws6081,test
ws6627,test
wt1102,test
wt1113,test
wt1247,test
wt1506,test
wt1951,test
wt4881,test
wt6339,test
wt6678,test
wt7580,test
wt8670,test
wu2236,test
wu2347,test
wu3841,test
wu8909,test
wu9600,test
wv1774,test
wv2610,test
wv4709,test
wv6253,test
wv7026,test
wv7376,test
wv9536,test
ww1561,test
ww1904,test
ww3852,test
ww3862,test
ww5731,test
ww6062,test
ww6393,test
ww6897,test
wx2094,test
wx2448,test
wx2676,test
wx2741,test
wx4944,test
wx7856,test
wx8316,test
wy1563,test
wy2473,test
wy2572,test
wy2663,test
wy3451,test
wy5691,test
wy6477,test
wy6904,test
wy8093,test
wy8144,test
wy9195,test
wy9825,test
wz2198,test
wz2200,test
wz2491,test
wz5032,test
wz5497,test
wz5551,test
wz5572,test
wz8471,test
wz8922,test
wz9310,test
wz9705,test
xa2406,test
xa2425,test
xa2760,test
xa2774,test
xa3204,test
xa4351,test
xa4465,test
xa5710,test
xa6813,test
xa6838,test
xa7023,test
xa8801,test
xa8896,test
xb2056,test
xb2261,test
xb3713,test
xb4559,test
xb4959,test
xb5129,test
xb5458,test
xb6385,test
xb6928,test
xb8337,test
xb8478,test
xb8685,test
xc1568,test
xc1902,test
xc2344,test
xc2406,test
xc3294,test
xc3639,test
xc3651,test
xc5947,test
xc7092,test
xc7176,test
xc9774,test
xd3204,test
xd5025,test
xd6952,test
xd7152,test
xd7615,test
xd8679,test
xd8779,test
xe2072,test
xe2110,test
xe2115,test
xe3007,test
xe3058,test
xe3756,test
xe4137,test
xe4547,test
xe4715,test
xe5738,test
xe6128,test
xe7985,test
xf1157,test
xf1206,test
xf2318,test
xf4501,test
xf5452,test
xf5642,test
xf7249,test
xg1335,test
xg3052,test
xg3859,test
xg5673,test
xg6293,test
xg6597,test
xg7016,test
xh3137,test
xh3461,test
xh4397,test
xh7828,test
xh9650,test
xi1492,test
xi1891,test
xi3860,test
xi4006,test
xi5479,test
xj1316,test
xj1413,test
xj4507,test
xj5588,test
xj7247,test
xj7603,test
xj7954,test
xj8151,test
xj8680,test
xj9218,test
xj9679,test
xj9708,test
xk1721,test
xk1960,test
xk2376,test
xk2920,test
xk3970,test
xk4269,test
xk4332,test
xk5193,test
xk5608,test
xk6033,test
xk8096,test
xk8246,test
xk9536,test
xk9627,test
xl1378,test
xl1603,test
xl3029,test
xl4743,test
xl8445,test
xl9855,test
xm1372,test
xm2045,test
xm2804,test
xm4062,test
xm4383,test
xm5647,test
xm5858,test
xm6239,test
xm7372,test
xm7415,test
xm8872,test
xn2929,test
xn3080,test
xn3352,test
xn4621,test
xn4943,test
xn5346,test
xn6653,test
xn6750,test
xn7645,test
xn7683,test
xn8409,test
xn8709,test
xn9093,test
xo4104,test
xo6547,test
xo7262,test
xp2162,test
xp3560,test
xp3713,test
xp4166,test
xp5147,test
xp5623,test
xp8024,test
xq3337,test
xq4344,test
xq4776,test
xq4973,test
xq6583,test
xq6596,test
xq6831,test
xq7400,test
xq7565,test
xq9595,test
xq9874,test
xr1121,test
xr1636,test
xr1711,test
xr1729,test
xr2537,test
xr4256,test
xr4532,test
xr5451,test
xr5796,test
xr7400,test
xr7707,test
xr8140,test
xr8240,test
xr9711,test
xr9798,test
xs1858,test
xs3045,test
xs5223,test
xs7578,test
xs9151,test
xt2179,test
xt2827,test
xt3644,test
xt4180,test
xt4673,test
xt4979,test
xt5429,test
xt5473,test
xt6322,test
xt6432,test
xt6901,test
xt8774,test
xt8880,test
xt9610,test
xu2196,test
xu2438,test
xu4037,test
xu5527,test
xu5564,test
xu6043,test
xu6617,test
xu6971,test
xu7240,test
xu8427,test
xv3388,test
xv4062,test
xv5423,test
xv7402,test
xv8809,test
xw1250,test
xw3218,test
xw4269,test
xw4874,test
xw6096,test
xw6245,test
xw7944,test
xx2325,test
xx2800,test
xx4080,test
xx6319,test
xx6440,test
xx9801,test
xy1615,test
xy2002,test
xy3428,test
xy3689,test
xy5126,test
xy5831,test
xy6082,test
xy6575,test
xy6627,test
xy7394,test
xy8323,test
xy8449,test
xy8453,test
xz2001,test
xz2681,test
xz4833,test
xz6846,test
xz8934,test
xz9009,test
ya2542,test
ya4192,test
ya4200,test
ya5293,test
ya5439,test
ya6704,test
ya7287,test
ya7879,test
ya9407,test
ya9727,test
yb1346,test
yb3066,test
yb3602,test
yb3627,test
yb5386,test
yb5607,test
yb5625,test
yb5671,test
yb6025,test
yb6086,test
yb6918,test
yb6974,test
yb7066,test
yb7135,test
yb9719,test
yc1765,test
yc2802,test
yc5797,test
yc6033,test
yc6990,test
yc8806,test
yc9211,test
yc9326,test
yd1024,test
yd1908,test
yd2226,test
yd4263,test
yd4652,test
yd4787,test
yd4791,test
yd6139,test
yd6357,test
yd7515,test
yd8487,test
yd9480,test
yd9932,test
ye1175,test
ye1793,test
ye2726,test
ye3647,test
ye3964,test
ye5046,test
ye6354,test
ye6521,test
ye6613,test
ye7308,test
ye7640,test
ye8906,test
ye9282,test
ye9674,test
yf1649,test
yf3237,test
yf3443,test
yf3537,test
yf3747,test
yf4772,test
yf4962,test
yf5039,test
yf5043,test
yf5054,test
yf8584,test
yf9267,test
yf9379,test
yg1151,test
yg1993,test
yg4609,test
yg5810,test
yg8261,test
yg8356,test
yh1193,test
yh6915,test
yh6955,test
yh9482,test
yi1302,test
yi1832,test
yi2524,test
yi2564,test
yi3391,test
yi4001,test
yi4388,test
yi7638,test
yi8746,test
yi9009,test
yi9986,test
yj1465,test
yj2333,test
yj6580,test
yj6586,test
yj7410,test
yj8450,test
yj9479,test
yk2105,test
yk2342,test
yk2611,test
yk2663,test
yk2741,test
yk2797,test
yk4239,test
yk5157,test
yk5993,test
yk7100,test
yk7693,test
yl1248,test
yl1645,test
yl1733,test
yl2788,test
yl3460,test
yl5656,test
yl5791,test
yl5883,test
yl7626,test
yl8839,test
ym1388,test
ym1789,test
ym3174,test
ym3528,test
ym4052,test
ym5046,test
ym5079,test
ym5257,test
ym5318,test
ym5809,test
ym8368,test
yn2119,test
yn3322,test
yn4740,test
yn7169,test
yn7519,test
yn7674,test
yn7969,test
yo1994,test
yo2674,test
yo3313,test
yo5588,test
yo6310,test
yo6997,test
yo8823,test
yo9091,test
yo9287,test
yo9293,test
yo9300,test
yp1250,test
yp1286,test
yp3697,test
yp3987,test
yp4071,test
yq1497,test
yq2856,test
yq6293,test
yq6925,test
yq6976,test
yq8298,test
yr1491,test
yr2264,test
yr3361,test
yr4885,test
yr6708,test
yr7032,test
yr8063,test
yr8595,test
yr8691,test
yr9259,test
yr9678,test
ys1081,test
ys1823,test
ys4430,test
ys5104,test
ys6678,test
ys7683,test
ys8435,test
yt1091,test
yt1161,test
yt1782,test
yt4099,test
yt6898,test
yt9475,test
yu1706,test
yu2683,test
yu3950,test
yu4055,test
yu4181,test
yu7711,test
yu8532,test
yu9250,test
yu9940,test
yv2221,test
yv2477,test
yv4078,test
yv4207,test
yv5057,test
yv6692,test
yv8127,test
yw1091,test
yw1654,test
yw2171,test
yw3955,test
yw7792,test
yw9185,test
yw9833,test
yx1338,test
yx1513,test
yx2006,test
yx2629,test
yx3831,test
yx5354,test
yx5980,test
yx6059,test
yx7075,test
yx7608,test
yx8375,test
yx8529,test
yx9287,test
yx9498,test
yy1141,test
yy1862,test
yy2735,test
yy4851,test
yy6899,test
yy9000,test
yy9055,test
yz3023,test
yz3844,test
yz7087,test
yz7161,test
yz9233,test
za2767,test
za3466,test
za4802,test
za4822,test
za7085,test
za7397,test
za8767,test
zb3597,test
zb6931,test
zb7675,test
zb8224,test
zb9502,test
zc1140,test
zc1247,test
zc1755,test
zc3015,test
zc3854,test
zc5175,test
zc6313,test
zc6404,test
zc6410,test
zc9619,test
zd2432,test
zd3114,test
zd4101,test
zd4114,test
zd4178,test
zd7599,test
zd7619,test
ze1225,test
ze4012,test
ze5876,test
ze6551,test
ze6852,test
ze9272,test
ze9964,test
zf2360,test
zf6906,test
zf8994,test
zf9757,test
zg3306,test
zg3503,test
zg3777,test
zg3998,test
zg4287,test
zg4968,test
zg6638,test
zg8254,test
zg8788,test
zg9087,test
zg9738,test
zh5036,test
zh5149,test
zh5574,test
zh5793,test
zh5884,test
zh6150,test
zh7231,test
zh7262,test
zi1408,test
zi1838,test
zi2832,test
zi3230,test
zi3629,test
zi3954,test
zi4828,test
zi5931,test
zi6890,test
zi6919,test
zi6994,test
zi7187,test
zi7890,test
zi8147,test
zi9022,test
zj1007,test
zj1158,test
zj1863,test
zj3747,test
zj3883,test
zj5778,test
zj6240,test
zj6641,test
zj6678,test
zj6974,test
zj8695,test
zj8715,test
zk2173,test
zk2723,test
zk3334,test
zk5937,test
zk7439,test
zl3037,test
zl3345,test
zl6165,test
zl7057,test
zl8356,test
zl8379,test
zl8428,test
zm1073,test
zm1934,test
zm2324,test
zm2532,test
zm2646,test
zm4959,test
zm5068,test
zm5275,test
zm5470,test
zm5689,test
zm6175,test
zm6693,test
zm7334,test
zm7445,test
zm7519,test
zm8296,test
zn1268,test
zn2933,test
zn3576,test
zn3696,test
zn4884,test
zn5224,test
zn6765,test
zn8025,test
zn8926,test
zn9681,test
zo1276,test
zo4593,test
zo5161,test
zo6912,test
zo7504,test
zo7539,test
zo8114,test
zo8547,test
zo9262,test
zo9764,test
zo9807,test
zp1090,test
zp1332,test
zp1784,test
zp2886,test
zp2915,test
zp3321,test
zp3888,test
zp6065,test
zp7053,test
zp7074,test
